{"loss": [1.3881995677947998, 0.4646078944206238, 0.273234099149704, 0.19161303341388702, 0.14245153963565826, 0.11055754870176315, 0.08775392174720764, 0.07792928814888, 0.06320925056934357, 0.05765681341290474], "accuracy": [0.591308057308197, 0.8529767394065857, 0.9117433428764343, 0.9374777674674988, 0.9528273940086365, 0.9634682536125183, 0.9708229899406433, 0.9744647741317749, 0.9791165590286255, 0.9815492033958435], "val_loss": [0.4608551263809204, 0.39617815613746643, 0.21375200152397156, 0.1588103473186493, 0.16451971232891083, 0.14260408282279968, 0.13072578608989716, 0.12959489226341248, 0.158969908952713, 0.14551107585430145], "val_accuracy": [0.8531185984611511, 0.8713862895965576, 0.9321647882461548, 0.9490097761154175, 0.950717031955719, 0.9579444527626038, 0.9597655534744263, 0.9619280695915222, 0.9544730186462402, 0.9587411880493164]}